class_idx,class_name,dice_mean,dice_std,dice_ci_lower,dice_ci_upper,iou_mean,precision_mean,recall_mean,nsd_mean,nsd_std,nsd_ci_lower,nsd_ci_upper,hd95_mean,hd95_std,hd95_ci_lower,hd95_ci_upper
0,background,0.9742420025493788,0.012488060052578827,0.9727563982424529,0.9727563982424529,0.9500613368075826,0.9739763762639917,0.974814724403879,0.7033466858339956,0.05682454558461887,0.6920730000612929,0.6920730000612929,23.24282719315173,17.06577026895143,22.43128985732035,22.43128985732035
1,inferior_epigastric_vessels,0.5563979672328386,0.4201099091222959,0.6052121175223066,0.6052121175223066,0.5019314023442991,0.6990433158816223,0.7671435088812091,0.1709681996958306,0.19659167518992451,0.1633548621062104,0.1633548621062104,26.59368736960549,27.662316940759585,29.419605251146717,29.419605251146717
2,pubic_arch,0.6580977595680736,0.3077019319300006,0.6864017322823464,0.6864017322823464,0.5599895065555408,0.6845073434285945,0.8162200098216116,0.26793755432671723,0.16171865100726543,0.2760400397592066,0.2760400397592066,46.153638587826435,37.11366921740283,53.3707933504398,53.3707933504398
3,spermatic_cord,0.7447223744616105,0.2341447820637368,0.7399589581221245,0.7399589581221245,0.636782334353956,0.7929802079865012,0.7678616137932176,0.3051823862210626,0.18314317266215668,0.32972942524231796,0.32972942524231796,24.474209304322827,29.182110668712944,27.021320473500786,27.021320473500786
4,vas_deferens,0.5211026034075703,0.34339771437810107,0.5284136803737091,0.5284136803737091,0.42159474795367735,0.6138942699741848,0.7169858274825115,0.34089125101515094,0.2689677228846634,0.33281965493036236,0.33281965493036236,42.132011364963496,60.23418095035524,42.03800488610149,42.03800488610149
