{
  "split": "ext_val",
  "config": "./configs/dinov2/tep/semantic/eomt_large_504.yaml",
  "ckpt": "./logs/tep_dinov2_vitl/seed2/tep_dinov2_vitl/version_0/checkpoints/best.ckpt",
  "num_evaluated": 115,
  "nsd_tau": 2.0,
  "n_bootstrap": 1,
  "ci": 95.0,
  "pixel_acc": 0.952173113822937,
  "mean_dice_all": 0.7151318788528442,
  "mean_dice_fg": 0.6503070592880249,
  "mean_iou_all": 0.5827585458755493,
  "mean_iou_fg": 0.49091386795043945,
  "class_dice": [
    0.974431037902832,
    0.48894745111465454,
    0.7002270221710205,
    0.7798334360122681,
    0.632220447063446
  ],
  "class_iou": [
    0.9501371383666992,
    0.32358071208000183,
    0.5387302041053772,
    0.6391205191612244,
    0.46222394704818726
  ],
  "class_precision": [
    0.9742364287376404,
    0.5024958252906799,
    0.6549875140190125,
    0.8125104904174805,
    0.5969352722167969
  ],
  "class_recall": [
    0.974625825881958,
    0.4761104881763458,
    0.7521794438362122,
    0.7496832013130188,
    0.6719391942024231
  ],
  "class_specificity": [
    0.7265899181365967,
    0.9964827299118042,
    0.9941561222076416,
    0.9908461570739746,
    0.9935811758041382
  ],
  "macro_mean_dice_fg": 0.653584131989328,
  "macro_mean_iou_fg": 0.531543052587358,
  "macro_fg_recall": 0.6999267514393585,
  "fail_rate": 0.008695652173913044,
  "mean_nsd_fg": 0.2712448478146903,
  "mean_hd95_fg": 34.83838665667956,
  "class_nsd": [
    0.7033466858339956,
    0.1709681996958306,
    0.26793755432671723,
    0.3051823862210626,
    0.34089125101515094
  ],
  "class_hd95": [
    23.24282719315173,
    26.59368736960549,
    46.153638587826435,
    24.474209304322827,
    42.132011364963496
  ],
  "macro_mean_dice_fg_ci_lower": 0.6562003558096678,
  "macro_mean_dice_fg_ci_upper": 0.6562003558096678,
  "mean_nsd_fg_ci_lower": 0.2822479222725925,
  "mean_nsd_fg_ci_upper": 0.2822479222725925,
  "mean_hd95_fg_ci_lower": 41.941092623084465,
  "mean_hd95_fg_ci_upper": 41.941092623084465
}