class_idx,class_name,dice_mean,dice_std,dice_ci_lower,dice_ci_upper,iou_mean,precision_mean,recall_mean,nsd_mean,nsd_std,nsd_ci_lower,nsd_ci_upper,hd95_mean,hd95_std,hd95_ci_lower,hd95_ci_upper
0,background,0.9773502933979035,0.012649921656680085,0.9761423073212305,0.9761423073212305,0.9559967996676763,0.976735376516978,0.9783499666055043,0.7314693399622456,0.06987218984093252,0.7288679545972488,0.7288679545972488,25.758792101867858,23.774168950054936,25.168945559031762,25.168945559031762
1,inferior_epigastric_vessels,0.7407842244556373,0.3351744869234857,0.7034396434210042,0.7034396434210042,0.6792873779047169,0.798555264592619,0.8399291641999537,0.27109718243987996,0.23195868700040437,0.271009098854523,0.271009098854523,29.59102929076216,31.867178824414555,27.965336109754592,27.965336109754592
2,pubic_arch,0.6986872605179507,0.2950140990462536,0.6882040055135641,0.6882040055135641,0.6041279421963489,0.7479670954934152,0.7882428694932309,0.2933121047174818,0.17676266081434505,0.2772630152653181,0.2772630152653181,47.46793717276287,61.813606658561135,43.251598999852696,43.251598999852696
3,spermatic_cord,0.7188480514785341,0.2816895720459592,0.7394659877087374,0.7394659877087374,0.6217148325630802,0.7769151245492405,0.7723718672280303,0.3068262411621127,0.1908845848451845,0.313944369418127,0.313944369418127,38.105425039949786,54.728289953025055,41.566660196944376,41.566660196944376
4,vas_deferens,0.6316485762069743,0.33195340019721015,0.6619580222702756,0.6619580222702756,0.5374988778452975,0.7493723281857302,0.6850668065406306,0.37732781854588937,0.25511523983148743,0.3690739545318107,0.3690739545318107,42.720185261737925,68.79013475283179,38.578105692634544,38.578105692634544
