{
  "split": "int_val",
  "config": "./configs/dinov2/tep/semantic/eomt_large_504.yaml",
  "ckpt": "./logs/tep_dinov2_vitl/seed1/tep_dinov2_vitl_re_10/version_1/checkpoints/best.ckpt",
  "num_evaluated": 300,
  "nsd_tau": 2.0,
  "n_bootstrap": 1,
  "ci": 95.0,
  "pixel_acc": 0.9582256078720093,
  "mean_dice_all": 0.7674756646156311,
  "mean_dice_fg": 0.7149617671966553,
  "mean_iou_all": 0.6370395421981812,
  "mean_iou_fg": 0.5572870373725891,
  "class_dice": [
    0.9775308966636658,
    0.7007707953453064,
    0.7360238432884216,
    0.7516753673553467,
    0.6713772416114807
  ],
  "class_iou": [
    0.956049382686615,
    0.5393742918968201,
    0.5823083519935608,
    0.6021473407745361,
    0.5053181648254395
  ],
  "class_precision": [
    0.9767596125602722,
    0.677905261516571,
    0.7091562151908875,
    0.7792394757270813,
    0.6914798617362976
  ],
  "class_recall": [
    0.9783034324645996,
    0.725232720375061,
    0.765007495880127,
    0.7259947061538696,
    0.6524104475975037
  ],
  "class_specificity": [
    0.7216574549674988,
    0.9963817596435547,
    0.9952589273452759,
    0.9923471212387085,
    0.9952600598335266
  ],
  "macro_mean_dice_fg": 0.6601885043295129,
  "macro_mean_iou_fg": 0.5463465824106232,
  "macro_fg_recall": 0.7063586181586636,
  "fail_rate": 0.016666666666666666,
  "mean_nsd_fg": 0.31214083671634096,
  "mean_hd95_fg": 39.47114419130319,
  "class_nsd": [
    0.7314693399622456,
    0.27109718243987996,
    0.2933121047174818,
    0.3068262411621127,
    0.37732781854588937
  ],
  "class_hd95": [
    25.758792101867858,
    29.59102929076216,
    47.46793717276287,
    38.105425039949786,
    42.720185261737925
  ],
  "macro_mean_dice_fg_ci_lower": 0.6615871163610152,
  "macro_mean_dice_fg_ci_upper": 0.6615871163610152,
  "mean_nsd_fg_ci_lower": 0.3134628113804695,
  "mean_nsd_fg_ci_upper": 0.3134628113804695,
  "mean_hd95_fg_ci_lower": 47.66794167978552,
  "mean_hd95_fg_ci_upper": 47.66794167978552
}