class_idx,class_name,dice_mean,dice_std,dice_ci_lower,dice_ci_upper,iou_mean,precision_mean,recall_mean,nsd_mean,nsd_std,nsd_ci_lower,nsd_ci_upper,hd95_mean,hd95_std,hd95_ci_lower,hd95_ci_upper
0,background,0.9751450783014297,0.013263184473894804,0.9738985365629196,0.9738985365629196,0.9518167463938395,0.9824931116898855,0.9683242422342301,0.7162725229588278,0.07175368363751698,0.7139666458202921,0.7139666458202921,25.466149058893947,21.724196275878608,24.997404829931963,24.997404829931963
1,inferior_epigastric_vessels,0.7374380084842463,0.3298659829766224,0.7262455078997406,0.7262455078997406,0.6723844118386527,0.7274359985340375,0.9147906308215238,0.25442606509248766,0.2211159785821874,0.2610931324640147,0.2610931324640147,28.382431970411204,31.5868087423385,24.646608984992085,24.646608984992085
2,pubic_arch,0.6863047376141557,0.2910813773297844,0.6902408639732831,0.6902408639732831,0.5870075532350052,0.6745392434143561,0.8428348787181269,0.2740943617018886,0.16311457913785785,0.28729211468054533,0.28729211468054533,49.100814591599644,62.07889748087394,48.01975763474777,48.01975763474777
3,spermatic_cord,0.7109273973370739,0.2786314928123377,0.7349508236772723,0.7349508236772723,0.6098073287465267,0.7102700363843593,0.8210970702970748,0.2806463236534679,0.17565741063875587,0.2710073147476374,0.2710073147476374,41.115891131798236,59.699901529791035,41.39786389922714,41.39786389922714
4,vas_deferens,0.6328236774405076,0.3200448475800058,0.6531891870570594,0.6531891870570594,0.5329581821922755,0.6970772733912877,0.729383434197786,0.3844578731700229,0.24488020066252172,0.36878855915090697,0.36878855915090697,43.98514272899703,70.35004381531517,48.03982004092062,48.03982004092062
