{
  "split": "int_val",
  "config": "./configs/dinov2/tep/semantic/eomt_large_504.yaml",
  "ckpt": "./logs/tep_dinov2_vitl/seed4/tep_dinov2_vitl/version_0/checkpoints/best.ckpt",
  "num_evaluated": 300,
  "nsd_tau": 2.0,
  "n_bootstrap": 1,
  "ci": 95.0,
  "pixel_acc": 0.954449474811554,
  "mean_dice_all": 0.7678958773612976,
  "mean_dice_fg": 0.7160372734069824,
  "mean_iou_all": 0.637058436870575,
  "mean_iou_fg": 0.5583610534667969,
  "class_dice": [
    0.9753300547599792,
    0.7073990702629089,
    0.7208008766174316,
    0.7552164793014526,
    0.6807328462600708
  ],
  "class_iou": [
    0.9518480896949768,
    0.5472679734230042,
    0.5634782314300537,
    0.6067050695419312,
    0.5159931182861328
  ],
  "class_precision": [
    0.9825021028518677,
    0.6041138172149658,
    0.6390878558158875,
    0.7206762433052063,
    0.6586286425590515
  ],
  "class_recall": [
    0.9682620167732239,
    0.8532850742340088,
    0.8264725804328918,
    0.7932342290878296,
    0.7043721675872803
  ],
  "class_specificity": [
    0.7937965989112854,
    0.9941285252571106,
    0.9929471611976624,
    0.9885604977607727,
    0.9940551519393921
  ],
  "macro_mean_dice_fg": 0.6812294556175523,
  "macro_mean_iou_fg": 0.561170191801369,
  "macro_fg_recall": 0.7774246557290987,
  "fail_rate": 0.006666666666666667,
  "mean_nsd_fg": 0.29840615590446673,
  "mean_hd95_fg": 40.646070105701526,
  "class_nsd": [
    0.7162725229588278,
    0.25442606509248766,
    0.2740943617018886,
    0.2806463236534679,
    0.3844578731700229
  ],
  "class_hd95": [
    25.466149058893947,
    28.382431970411204,
    49.100814591599644,
    41.115891131798236,
    43.98514272899703
  ],
  "macro_mean_dice_fg_ci_lower": 0.6872967034553342,
  "macro_mean_dice_fg_ci_upper": 0.6872967034553342,
  "mean_nsd_fg_ci_lower": 0.308643255481676,
  "mean_nsd_fg_ci_upper": 0.308643255481676,
  "mean_hd95_fg_ci_lower": 45.184110822519806,
  "mean_hd95_fg_ci_upper": 45.184110822519806
}