class_idx,class_name,dice_mean,dice_std,dice_ci_lower,dice_ci_upper,iou_mean,precision_mean,recall_mean,nsd_mean,nsd_std,nsd_ci_lower,nsd_ci_upper,hd95_mean,hd95_std,hd95_ci_lower,hd95_ci_upper
0,background,0.9746648171673651,0.012403453921973681,0.9734118814053743,0.9734118814053743,0.9508625491805699,0.9753608999044999,0.9743212140124777,0.7025570093325969,0.05557252349675716,0.7006494090286087,0.7006494090286087,23.397691971689078,15.524956334513607,22.709972656465887,22.709972656465887
1,inferior_epigastric_vessels,0.5098854198135948,0.42603374007580164,0.5634621404997977,0.5634621404997977,0.45615217359080856,0.6197675075934899,0.7926250704201749,0.17215404560854844,0.21213120887597936,0.18474209603927325,0.18474209603927325,24.85836373559926,32.58875294157557,24.322232523089394,24.322232523089394
2,pubic_arch,0.6854013870586676,0.29069179995527444,0.7068264832412493,0.7068264832412493,0.5862100001581493,0.7228982808575646,0.801753096830665,0.2794637225206577,0.1565070456987498,0.26485895266243953,0.26485895266243953,52.62660827627915,50.57445348518822,63.83452804388059,63.83452804388059
3,spermatic_cord,0.7628900590204603,0.2186179808946171,0.7746585003764407,0.7746585003764407,0.6563332043318573,0.7966815912259589,0.789410451443299,0.31057076962026114,0.17582563210254937,0.3262267988938754,0.3262267988938754,29.356818705525864,40.33765232025397,28.807068206594447,28.807068206594447
4,vas_deferens,0.4974446844088757,0.3423620287529121,0.5245032408648346,0.5245032408648346,0.39795630496702616,0.5900687866669752,0.7056614560419224,0.32456456910143605,0.2513262618543107,0.3343585503451264,0.3343585503451264,49.07432551223838,63.1223431941612,50.34572626866702,50.34572626866702
