{
  "split": "ext_val",
  "config": "./configs/dinov2/tep/semantic/eomt_large_504.yaml",
  "ckpt": "./logs/tep_dinov2_vitl/seed3/tep_dinov2_vitl/version_0/checkpoints/best.ckpt",
  "num_evaluated": 115,
  "nsd_tau": 2.0,
  "n_bootstrap": 1,
  "ci": 95.0,
  "pixel_acc": 0.9529391527175903,
  "mean_dice_all": 0.7229841351509094,
  "mean_dice_fg": 0.6600216627120972,
  "mean_iou_all": 0.5920424461364746,
  "mean_iou_fg": 0.5023270845413208,
  "class_dice": [
    0.9748340845108032,
    0.4922401010990143,
    0.7256165146827698,
    0.784135639667511,
    0.6380943059921265
  ],
  "class_iou": [
    0.9509037733078003,
    0.32647114992141724,
    0.56938636302948,
    0.6449203491210938,
    0.46853044629096985
  ],
  "class_precision": [
    0.9756233096122742,
    0.4539942145347595,
    0.7220072150230408,
    0.7923377156257629,
    0.6167861819267273
  ],
  "class_recall": [
    0.9740461707115173,
    0.5375227332115173,
    0.729262113571167,
    0.7761017084121704,
    0.6609272956848145
  ],
  "class_specificity": [
    0.7418299317359924,
    0.9951763153076172,
    0.9958585500717163,
    0.9892367720603943,
    0.994190514087677
  ],
  "macro_mean_dice_fg": 0.6628234760916751,
  "macro_mean_iou_fg": 0.540359509639118,
  "macro_fg_recall": 0.715681447647012,
  "fail_rate": 0.0,
  "mean_nsd_fg": 0.27168827671272583,
  "mean_hd95_fg": 38.97902905741066,
  "class_nsd": [
    0.7025570093325969,
    0.17215404560854844,
    0.2794637225206577,
    0.31057076962026114,
    0.32456456910143605
  ],
  "class_hd95": [
    23.397691971689078,
    24.85836373559926,
    52.62660827627915,
    29.356818705525864,
    49.07432551223838
  ],
  "macro_mean_dice_fg_ci_lower": 0.6748693450637485,
  "macro_mean_dice_fg_ci_upper": 0.6748693450637485,
  "mean_nsd_fg_ci_lower": 0.2937286859030649,
  "mean_nsd_fg_ci_upper": 0.2937286859030649,
  "mean_hd95_fg_ci_lower": 45.75666063319662,
  "mean_hd95_fg_ci_upper": 45.75666063319662
}