class_idx,class_name,dice_mean,dice_std,dice_ci_lower,dice_ci_upper,iou_mean,precision_mean,recall_mean,nsd_mean,nsd_std,nsd_ci_lower,nsd_ci_upper,hd95_mean,hd95_std,hd95_ci_lower,hd95_ci_upper
0,background,0.97674087703228,0.012728212286088735,0.9756066636244456,0.9756066636244456,0.954834487636884,0.978917457262675,0.9749682478109996,0.7244678589022197,0.06663334673594291,0.7218816435658727,0.7218816435658727,24.81071927971898,22.41513242789985,24.399660595180176,24.399660595180176
1,inferior_epigastric_vessels,0.7049058312117789,0.3483828976701302,0.7022950995215972,0.7022950995215972,0.6381623552341176,0.7209310146098526,0.8788501294952638,0.25760284385611104,0.22586933071419787,0.240075681410752,0.240075681410752,27.07148753935798,27.302688291354794,27.749701996452835,27.749701996452835
2,pubic_arch,0.6956990585939917,0.28722536208945243,0.6904917059491293,0.6904917059491293,0.596431682510111,0.710377264291211,0.8103833084230513,0.2842138491562713,0.1673154587148612,0.29687795594844946,0.29687795594844946,47.340762697493034,61.71086056068491,46.39521198586225,46.39521198586225
3,spermatic_cord,0.7068480810846047,0.28453459713815693,0.7140102712920094,0.7140102712920094,0.6069941299397965,0.7453263662516288,0.7854519066793719,0.2922639353355612,0.18069675003325866,0.2969848004416238,0.2969848004416238,40.812249741285164,58.23834450529686,40.79356929621936,40.79356929621936
4,vas_deferens,0.6415348517264476,0.3154101584673849,0.6602892672160517,0.6602892672160517,0.5412211242246678,0.7058598487141587,0.7311229877338743,0.37778703137491415,0.24190346861391157,0.3727233929774531,0.3727233929774531,37.71285314598657,62.877367384810995,35.8371875928575,35.8371875928575
