{
  "split": "int_val",
  "config": "./configs/dinov2/tep/semantic/eomt_large_504.yaml",
  "ckpt": "./logs/tep_dinov2_vitl/seed3/tep_dinov2_vitl/version_0/checkpoints/best.ckpt",
  "num_evaluated": 300,
  "nsd_tau": 2.0,
  "n_bootstrap": 1,
  "ci": 95.0,
  "pixel_acc": 0.9572489261627197,
  "mean_dice_all": 0.7719833254814148,
  "mean_dice_fg": 0.7207489013671875,
  "mean_iou_all": 0.6421648263931274,
  "mean_iou_fg": 0.5639852285385132,
  "class_dice": [
    0.9769209623336792,
    0.7134475708007812,
    0.734466016292572,
    0.7502495050430298,
    0.6848325133323669
  ],
  "class_iou": [
    0.9548832774162292,
    0.5545421838760376,
    0.5803605318069458,
    0.6003194451332092,
    0.5207188725471497
  ],
  "class_precision": [
    0.9789423942565918,
    0.6558603048324585,
    0.6990575790405273,
    0.7587246298789978,
    0.6645874381065369
  ],
  "class_recall": [
    0.9749079346656799,
    0.7821210622787476,
    0.7736527919769287,
    0.7419615983963013,
    0.7063498497009277
  ],
  "class_specificity": [
    0.7492358088493347,
    0.9956908226013184,
    0.9949672222137451,
    0.9912208914756775,
    0.9941949844360352
  ],
  "macro_mean_dice_fg": 0.6839343869810303,
  "macro_mean_iou_fg": 0.5640438538145585,
  "macro_fg_recall": 0.7400532387845659,
  "fail_rate": 0.013333333333333334,
  "mean_nsd_fg": 0.3029669149307144,
  "mean_hd95_fg": 38.23433828103069,
  "class_nsd": [
    0.7244678589022197,
    0.25760284385611104,
    0.2842138491562713,
    0.2922639353355612,
    0.37778703137491415
  ],
  "class_hd95": [
    24.81071927971898,
    27.07148753935798,
    47.340762697493034,
    40.812249741285164,
    37.71285314598657
  ],
  "macro_mean_dice_fg_ci_lower": 0.6917449728772044,
  "macro_mean_dice_fg_ci_upper": 0.6917449728772044,
  "mean_nsd_fg_ci_lower": 0.30690068206107585,
  "mean_nsd_fg_ci_upper": 0.30690068206107585,
  "mean_hd95_fg_ci_lower": 41.98080138335888,
  "mean_hd95_fg_ci_upper": 41.98080138335888
}