class_idx,class_name,dice_mean,dice_std,dice_ci_lower,dice_ci_upper,iou_mean,precision_mean,recall_mean,nsd_mean,nsd_std,nsd_ci_lower,nsd_ci_upper,hd95_mean,hd95_std,hd95_ci_lower,hd95_ci_upper
0,background,0.9775250571966171,0.012535089967944687,0.976488296588262,0.976488296588262,0.956326244076093,0.9783759458859762,0.9770658508936564,0.7289039193586977,0.07021526605796695,0.726387652879336,0.726387652879336,25.49750809922564,24.186072949957037,24.571530918854084,24.571530918854084
1,inferior_epigastric_vessels,0.7421022995531501,0.3199777355247968,0.6935435754040215,0.6935435754040215,0.6731645897497675,0.7759539675916483,0.8524785651336771,0.2671267968104289,0.19657013261610667,0.2954061627968373,0.2954061627968373,26.48660879496098,28.773420655438866,24.96986510265619,24.96986510265619
2,pubic_arch,0.6931530671648511,0.2955298017249466,0.6903865432242307,0.6903865432242307,0.5966707140909958,0.6960491862179311,0.8255328118488356,0.30439405159034044,0.18649999459878538,0.31318686465351325,0.31318686465351325,46.18125391916554,61.0871877868851,49.12234924607775,49.12234924607775
3,spermatic_cord,0.719834385107633,0.2831586451664763,0.731187796282383,0.731187796282383,0.6229493542093675,0.7760641937101374,0.7831240842552267,0.2984515881102807,0.19039259821573146,0.3045214343603015,0.3045214343603015,36.739381695117096,58.395818795864514,40.3367508052652,40.3367508052652
4,vas_deferens,0.6487718687717478,0.31969835444578565,0.6871094016807846,0.6871094016807846,0.5521082615307829,0.7494351037185063,0.7094157701320868,0.3837866434569316,0.25303464967451267,0.3831691780363837,0.3831691780363837,40.622820464469925,67.82855320530523,40.11318715241004,40.11318715241004
