{
  "split": "int_val",
  "config": "./configs/dinov2/tep/semantic/eomt_large_504.yaml",
  "ckpt": "./logs/tep_dinov2_vitl/seed2/tep_dinov2_vitl/version_0/checkpoints/best.ckpt",
  "num_evaluated": 300,
  "nsd_tau": 2.0,
  "n_bootstrap": 1,
  "ci": 95.0,
  "pixel_acc": 0.9586985111236572,
  "mean_dice_all": 0.7752736806869507,
  "mean_dice_fg": 0.7246650457382202,
  "mean_iou_all": 0.6464571356773376,
  "mean_iou_fg": 0.5689743161201477,
  "class_dice": [
    0.9777082204818726,
    0.7195197343826294,
    0.7377152442932129,
    0.7590743899345398,
    0.682350754737854
  ],
  "class_iou": [
    0.9563885927200317,
    0.5619139671325684,
    0.5844284892082214,
    0.6117001175880432,
    0.517854630947113
  ],
  "class_precision": [
    0.9783987402915955,
    0.7085589170455933,
    0.6807868480682373,
    0.7787152528762817,
    0.6818524599075317
  ],
  "class_recall": [
    0.9770186543464661,
    0.7308250069618225,
    0.805033266544342,
    0.7403998970985413,
    0.6828497648239136
  ],
  "class_specificity": [
    0.7420605421066284,
    0.9968436360359192,
    0.9942960143089294,
    0.9921714663505554,
    0.9948117733001709
  ],
  "macro_mean_dice_fg": 0.6804214359832191,
  "macro_mean_iou_fg": 0.563347069734075,
  "macro_fg_recall": 0.7282364033358997,
  "fail_rate": 0.013333333333333334,
  "mean_nsd_fg": 0.3134397699919954,
  "mean_hd95_fg": 37.507516218428385,
  "class_nsd": [
    0.7289039193586977,
    0.2671267968104289,
    0.30439405159034044,
    0.2984515881102807,
    0.3837866434569316
  ],
  "class_hd95": [
    25.49750809922564,
    26.48660879496098,
    46.18125391916554,
    36.739381695117096,
    40.622820464469925
  ],
  "macro_mean_dice_fg_ci_lower": 0.6864004659670678,
  "macro_mean_dice_fg_ci_upper": 0.6864004659670678,
  "mean_nsd_fg_ci_lower": 0.3159235394725774,
  "mean_nsd_fg_ci_upper": 0.3159235394725774,
  "mean_hd95_fg_ci_lower": 47.17238727700226,
  "mean_hd95_fg_ci_upper": 47.17238727700226
}