class_idx,class_name,dice_mean,dice_std,dice_ci_lower,dice_ci_upper,iou_mean,precision_mean,recall_mean,nsd_mean,nsd_std,nsd_ci_lower,nsd_ci_upper,hd95_mean,hd95_std,hd95_ci_lower,hd95_ci_upper
0,background,0.9754432901092197,0.011905034652870499,0.9744521270627561,0.9744521270627561,0.9523225110510122,0.9760878718417624,0.9751337502313697,0.7076600409909851,0.05515126895883666,0.6990331007526615,0.6990331007526615,22.740731581833373,14.17978118386833,23.21055232274935,23.21055232274935
1,inferior_epigastric_vessels,0.5756005055502117,0.4194509376063452,0.6315580566154321,0.6315580566154321,0.5222494974356042,0.7083028662473846,0.7813341472721443,0.1831331637317252,0.21053621446907717,0.19312589999529306,0.19312589999529306,26.1416523690333,24.17551944205558,32.26263601971743,32.26263601971743
2,pubic_arch,0.7011930948910753,0.29019735254234313,0.7097462782919214,0.7097462782919214,0.6062633593665764,0.7588023221593742,0.7924762635851029,0.2898737147632646,0.15895302184024165,0.2700225853041969,0.2700225853041969,46.680430948309535,36.12912243626951,50.70817566817778,50.70817566817778
3,spermatic_cord,0.7744183968001406,0.20614731123229868,0.7853468830240352,0.7853468830240352,0.6679298733946094,0.7931700132521918,0.8124994039535522,0.3226856514437888,0.16756675451151606,0.33291247406528196,0.33291247406528196,20.851552764694343,26.19058525857841,22.487023540195622,22.487023540195622
4,vas_deferens,0.4687638005438465,0.3563852545656679,0.48375705013926107,0.48375705013926107,0.3767137895443842,0.6425840532635122,0.6648238366711821,0.30698168018545957,0.2704592913112539,0.2998368800686843,0.2998368800686843,39.85292024852279,54.12504923141409,47.474384513812254,47.474384513812254
