{
  "split": "ext_val",
  "config": "./configs/dinov2/tep/semantic/eomt_large_504.yaml",
  "ckpt": "./logs/tep_dinov2_vitl/seed1/tep_dinov2_vitl_re_10/version_1/checkpoints/best.ckpt",
  "num_evaluated": 115,
  "nsd_tau": 2.0,
  "n_bootstrap": 1,
  "ci": 95.0,
  "pixel_acc": 0.9542990326881409,
  "mean_dice_all": 0.7229312062263489,
  "mean_dice_fg": 0.6597579121589661,
  "mean_iou_all": 0.5923606753349304,
  "mean_iou_fg": 0.5023486614227295,
  "class_dice": [
    0.9756242632865906,
    0.5019444823265076,
    0.720120906829834,
    0.7967976927757263,
    0.6201684474945068
  ],
  "class_iou": [
    0.9524085521697998,
    0.33506399393081665,
    0.5626476407051086,
    0.6622308492660522,
    0.4494522511959076
  ],
  "class_precision": [
    0.9763191938400269,
    0.5029975771903992,
    0.704301118850708,
    0.7933831810951233,
    0.6151664853096008
  ],
  "class_recall": [
    0.9749302268028259,
    0.5008957386016846,
    0.7366676926612854,
    0.8002417087554932,
    0.625252366065979
  ],
  "class_specificity": [
    0.7491511702537537,
    0.9963070154190063,
    0.9954381585121155,
    0.9889723658561707,
    0.9944663047790527
  ],
  "macro_mean_dice_fg": 0.6517572156761003,
  "macro_mean_iou_fg": 0.5329102434541868,
  "macro_fg_recall": 0.7189563812137452,
  "fail_rate": 0.0,
  "mean_nsd_fg": 0.27566855253105954,
  "mean_hd95_fg": 33.38163908263999,
  "class_nsd": [
    0.7076600409909851,
    0.1831331637317252,
    0.2898737147632646,
    0.3226856514437888,
    0.30698168018545957
  ],
  "class_hd95": [
    22.740731581833373,
    26.1416523690333,
    46.680430948309535,
    20.851552764694343,
    39.85292024852279
  ],
  "macro_mean_dice_fg_ci_lower": 0.6576252260933751,
  "macro_mean_dice_fg_ci_upper": 0.6576252260933751,
  "mean_nsd_fg_ci_lower": 0.28440512151449804,
  "mean_nsd_fg_ci_upper": 0.28440512151449804,
  "mean_hd95_fg_ci_lower": 38.83464346958606,
  "mean_hd95_fg_ci_upper": 38.83464346958606
}