class_idx,class_name,dice_mean,dice_std,dice_ci_lower,dice_ci_upper,iou_mean,precision_mean,recall_mean,nsd_mean,nsd_std,nsd_ci_lower,nsd_ci_upper,hd95_mean,hd95_std,hd95_ci_lower,hd95_ci_upper
0,background,0.9735940606697746,0.012774483174737243,0.9722530499748562,0.9722530499748562,0.9488435973291812,0.9811677943105283,0.9665605778279511,0.7024803167330044,0.05399485235810889,0.69226583540014,0.69226583540014,23.751912975773067,13.118955368559895,24.133446994035495,24.133446994035495
1,inferior_epigastric_vessels,0.5214947197332168,0.42159093219889193,0.5373274536377538,0.5373274536377538,0.4663227586388426,0.6254023115283597,0.8051204516246279,0.15952763144335433,0.18818347638040542,0.17874980810694943,0.17874980810694943,30.473264182082332,30.385778199654006,32.747003242504654,32.747003242504654
2,pubic_arch,0.6709078414641592,0.2878351727247143,0.700175404337757,0.700175404337757,0.5674453922296943,0.6816504341159566,0.8310776522928165,0.2604278108398345,0.15327676811171578,0.2358468577592014,0.2358468577592014,45.9277150978478,36.33733203592281,54.413807306548414,54.413807306548414
3,spermatic_cord,0.8056579558765812,0.18072204134045133,0.8180568518868101,0.8180568518868101,0.7037022068468826,0.7869937124479778,0.8748712788457456,0.3524181975615821,0.1487602955187197,0.34473070784241855,0.34473070784241855,21.73141102316773,27.313746749764057,22.882040928603864,22.882040928603864
4,vas_deferens,0.5369306939253589,0.3173411008708068,0.5574608686363004,0.5574608686363004,0.42702909078412615,0.5828430887266055,0.7458507905672865,0.34794547569911893,0.24598986431664063,0.33136938880453104,0.33136938880453104,52.02983174656156,66.86797128678927,57.823679494751914,57.823679494751914
