{
  "split": "ext_val",
  "config": "./configs/dinov2/tep/semantic/eomt_large_504.yaml",
  "ckpt": "./logs/tep_dinov2_vitl/seed4/tep_dinov2_vitl/version_0/checkpoints/best.ckpt",
  "num_evaluated": 115,
  "nsd_tau": 2.0,
  "n_bootstrap": 1,
  "ci": 95.0,
  "pixel_acc": 0.9515570402145386,
  "mean_dice_all": 0.7194641828536987,
  "mean_dice_fg": 0.6558771729469299,
  "mean_iou_all": 0.5906803011894226,
  "mean_iou_fg": 0.5011100769042969,
  "class_dice": [
    0.9738123416900635,
    0.4628027677536011,
    0.7026568055152893,
    0.8153030872344971,
    0.6427459120750427
  ],
  "class_iou": [
    0.9489613175392151,
    0.3010692298412323,
    0.5416120886802673,
    0.688195526599884,
    0.47356340289115906
  ],
  "class_precision": [
    0.9814020991325378,
    0.40246665477752686,
    0.6591647267341614,
    0.7693865299224854,
    0.586162269115448
  ],
  "class_recall": [
    0.9663391709327698,
    0.5444199442863464,
    0.752293586730957,
    0.8670480251312256,
    0.7114210724830627
  ],
  "class_specificity": [
    0.8057406544685364,
    0.9939688444137573,
    0.9942626357078552,
    0.9862481355667114,
    0.992894172668457
  ],
  "macro_mean_dice_fg": 0.6831134964590487,
  "macro_mean_iou_fg": 0.5573448479175568,
  "macro_fg_recall": 0.7893516543201039,
  "fail_rate": 0.0,
  "mean_nsd_fg": 0.28007977888597246,
  "mean_hd95_fg": 37.54055551241486,
  "class_nsd": [
    0.7024803167330044,
    0.15952763144335433,
    0.2604278108398345,
    0.3524181975615821,
    0.34794547569911893
  ],
  "class_hd95": [
    23.751912975773067,
    30.473264182082332,
    45.9277150978478,
    21.73141102316773,
    52.02983174656156
  ],
  "macro_mean_dice_fg_ci_lower": 0.6850494470285333,
  "macro_mean_dice_fg_ci_upper": 0.6850494470285333,
  "mean_nsd_fg_ci_lower": 0.28712186384039573,
  "mean_nsd_fg_ci_upper": 0.28712186384039573,
  "mean_hd95_fg_ci_lower": 43.35013684502812,
  "mean_hd95_fg_ci_upper": 43.35013684502812
}